,Length,Height
0,0,0.09
1,1,0.135
2,2,0.125
3,3,0.08
4,4,0.095
5,5,0.15
6,6,0.125
7,7,0.125
8,8,0.15
9,9,0.14
10,10,0.11
11,11,0.135
12,12,0.145
13,13,0.1
14,14,0.13
15,15,0.085
16,16,0.1
17,17,0.08
18,18,0.1
19,19,0.095
20,20,0.1
21,21,0.155
22,22,0.135
23,23,0.165
24,24,0.14
25,25,0.185
26,26,0.14
27,27,0.18
28,28,0.14
29,29,0.165
30,30,0.165
31,31,0.165
32,32,0.175
33,33,0.2
34,34,0.105
35,35,0.155
36,36,0.105
37,37,0.135
38,38,0.09
39,39,0.105
40,40,0.135
41,41,0.045
42,42,0.055
43,43,0.05
44,44,0.095
45,45,0.12
46,46,0.12
47,47,0.07
48,48,0.16
49,49,0.12
50,50,0.095
51,51,0.13
52,52,0.12
53,53,0.1
54,54,0.14
55,55,0.12
56,56,0.135
57,57,0.06
58,58,0.125
59,59,0.105
60,60,0.11
61,61,0.13
62,62,0.095
63,63,0.12
64,64,0.12
65,65,0.16
66,66,0.185
67,67,0.12
68,68,0.07
69,69,0.13
70,70,0.11
71,71,0.17
72,72,0.175
73,73,0.195
74,74,0.15
75,75,0.14
76,76,0.15
77,77,0.14
78,78,0.17
79,79,0.14
80,80,0.175
81,81,0.165
82,82,0.16
83,83,0.14
84,84,0.18
85,85,0.14
86,86,0.16
87,87,0.13
88,88,0.16
89,89,0.135
90,90,0.15
91,91,0.175
92,92,0.165
93,93,0.19
94,94,0.195
95,95,0.15
96,96,0.13
97,97,0.13
98,98,0.125
99,99,0.095
100,100,0.145
101,101,0.16
102,102,0.14
103,103,0.16
104,104,0.155
105,105,0.165
106,106,0.125
107,107,0.135
108,108,0.105
109,109,0.125
110,110,0.105
111,111,0.08
112,112,0.105
113,113,0.125
114,114,0.115
115,115,0.135
116,116,0.105
117,117,0.15
118,118,0.085
119,119,0.105
120,120,0.085
121,121,0.14
122,122,0.075
123,123,0.08
124,124,0.06
125,125,0.09
126,126,0.085
127,127,0.16
128,128,0.165
129,129,0.165
130,130,0.125
131,131,0.09
132,132,0.095
133,133,0.065
134,134,0.115
135,135,0.08
136,136,0.09
137,137,0.11
138,138,0.095
139,139,0.155
140,140,0.145
141,141,0.19
142,142,0.155
143,143,0.13
144,144,0.125
145,145,0.12
146,146,0.08
147,147,0.055
148,148,0.095
149,149,0.145
150,150,0.185
151,151,0.19
152,152,0.16
153,153,0.135
154,154,0.13
155,155,0.19
156,156,0.215
157,157,0.17
158,158,0.165
159,159,0.165
160,160,0.16
161,161,0.175
162,162,0.21
163,163,0.23
164,164,0.19
165,165,0.175
166,166,0.205
167,167,0.22
168,168,0.175
169,169,0.215
170,170,0.145
171,171,0.155
172,172,0.115
173,173,0.04
174,174,0.09
175,175,0.06
176,176,0.085
177,177,0.045
178,178,0.15
179,179,0.18
180,180,0.175
181,181,0.16
182,182,0.175
183,183,0.2
184,184,0.19
185,185,0.15
186,186,0.185
187,187,0.16
188,188,0.17
189,189,0.18
190,190,0.17
191,191,0.15
192,192,0.085
193,193,0.14
194,194,0.155
195,195,0.15
196,196,0.185
197,197,0.16
198,198,0.185
199,199,0.12
200,200,0.165
201,201,0.145
202,202,0.17
203,203,0.115
204,204,0.14
205,205,0.11
206,206,0.11
207,207,0.17
208,208,0.095
209,209,0.145
210,210,0.09
211,211,0.105
212,212,0.14
213,213,0.16
214,214,0.14
215,215,0.13
216,216,0.12
217,217,0.135
218,218,0.13
219,219,0.125
220,220,0.145
221,221,0.15
222,222,0.15
223,223,0.105
224,224,0.135
225,225,0.125
226,226,0.085
227,227,0.165
228,228,0.16
229,229,0.135
230,230,0.175
231,231,0.215
232,232,0.075
233,233,0.135
234,234,0.08
235,235,0.01
236,236,0.03
237,237,0.03
238,238,0.035
239,239,0.16
240,240,0.07
241,241,0.065
242,242,0.08
243,243,0.085
244,244,0.085
245,245,0.08
246,246,0.085
247,247,0.075
248,248,0.11
249,249,0.105
250,250,0.18
251,251,0.155
252,252,0.185
253,253,0.165
254,254,0.175
255,255,0.185
256,256,0.16
257,257,0.17
258,258,0.16
259,259,0.155
260,260,0.125
261,261,0.165
262,262,0.06
263,263,0.08
264,264,0.13
265,265,0.15
266,266,0.11
267,267,0.15
268,268,0.125
269,269,0.215
270,270,0.2
271,271,0.205
272,272,0.225
273,273,0.155
274,274,0.215
275,275,0.185
276,276,0.24
277,277,0.205
278,278,0.135
279,279,0.185
280,280,0.105
281,281,0.12
282,282,0.14
283,283,0.175
284,284,0.17
285,285,0.155
286,286,0.155
287,287,0.125
288,288,0.16
289,289,0.18
290,290,0.21
291,291,0.165
292,292,0.175
293,293,0.195
294,294,0.085
295,295,0.075
296,296,0.085
297,297,0.14
298,298,0.105
299,299,0.095
300,300,0.175
301,301,0.1
302,302,0.1
303,303,0.13
304,304,0.06
305,305,0.03
306,306,0.24
307,307,0.125
308,308,0.145
309,309,0.19
310,310,0.14
311,311,0.195
312,312,0.2
313,313,0.175
314,314,0.11
315,315,0.19
316,316,0.1
317,317,0.155
318,318,0.095
319,319,0.06
320,320,0.04
321,321,0.1
322,322,0.07
323,323,0.105
324,324,0.09
325,325,0.1
326,326,0.13
327,327,0.105
328,328,0.09
329,329,0.155
330,330,0.12
331,331,0.08
332,332,0.04
333,333,0.195
334,334,0.19
335,335,0.19
336,336,0.185
337,337,0.185
338,338,0.195
339,339,0.145
340,340,0.205
341,341,0.185
342,342,0.18
343,343,0.155
344,344,0.14
345,345,0.16
346,346,0.08
347,347,0.115
348,348,0.15
349,349,0.185
350,350,0.17
351,351,0.14
352,352,0.17
353,353,0.17
354,354,0.205
355,355,0.185
356,356,0.19
357,357,0.215
358,358,0.18
359,359,0.18
360,360,0.15
361,361,0.175
362,362,0.15
363,363,0.175
364,364,0.16
365,365,0.145
366,366,0.12
367,367,0.18
368,368,0.215
369,369,0.165
370,370,0.195
371,371,0.2
372,372,0.17
373,373,0.15
374,374,0.195
375,375,0.19
376,376,0.16
377,377,0.175
378,378,0.185
379,379,0.18
380,380,0.145
381,381,0.135
382,382,0.12
383,383,0.135
384,384,0.105
385,385,0.155
386,386,0.135
387,387,0.125
388,388,0.12
389,389,0.1
390,390,0.125
391,391,0.125
392,392,0.095
393,393,0.095
394,394,0.1
395,395,0.14
396,396,0.145
397,397,0.15
398,398,0.15
399,399,0.12
400,400,0.135
401,401,0.11
402,402,0.14
403,403,0.12
404,404,0.15
405,405,0.115
406,406,0.12
407,407,0.145
408,408,0.095
409,409,0.165
410,410,0.12
411,411,0.12
412,412,0.12
413,413,0.17
414,414,0.14
415,415,0.17
416,416,0.165
417,417,0.155
418,418,0.14
419,419,0.165
420,420,0.12
421,421,0.135
422,422,0.07
423,423,0.07
424,424,0.175
425,425,0.165
426,426,0.16
427,427,0.125
428,428,0.17
429,429,0.175
430,430,0.155
431,431,0.17
432,432,0.14
433,433,0.1
434,434,0.15
435,435,0.095
436,436,0.095
437,437,0.09
438,438,0.165
439,439,0.11
440,440,0.1
441,441,0.14
442,442,0.1
443,443,0.105
444,444,0.19
445,445,0.185
446,446,0.185
447,447,0.175
448,448,0.15
449,449,0.215
450,450,0.16
451,451,0.195
452,452,0.155
453,453,0.175
454,454,0.14
455,455,0.175
456,456,0.105
457,457,0.11
458,458,0.135
459,459,0.1
460,460,0.17
461,461,0.07
462,462,0.055
463,463,0.07
464,464,0.05
465,465,0.19
466,466,0.195
467,467,0.21
468,468,0.2
469,469,0.135
470,470,0.12
471,471,0.12
472,472,0.12
473,473,0.16
474,474,0.175
475,475,0.115
476,476,0.175
477,477,0.225
478,478,0.185
479,479,0.185
480,480,0.155
481,481,0.125
482,482,0.15
483,483,0.145
484,484,0.14
485,485,0.13
486,486,0.15
487,487,0.135
488,488,0.165
489,489,0.145
490,490,0.13
491,491,0.155
492,492,0.175
493,493,0.195
494,494,0.15
495,495,0.175
496,496,0.165
497,497,0.155
498,498,0.175
499,499,0.18
500,500,0.225
501,501,0.225
502,502,0.19
503,503,0.19
504,504,0.175
505,505,0.235
506,506,0.225
507,507,0.18
508,508,0.155
509,509,0.185
510,510,0.14
511,511,0.145
512,512,0.085
513,513,0.07
514,514,0.08
515,515,0.115
516,516,0.08
517,517,0.09
518,518,0.09
519,519,0.05
520,520,0.09
521,521,0.115
522,522,0.055
523,523,0.06
524,524,0.04
525,525,0.04
526,526,0.155
527,527,0.16
528,528,0.095
529,529,0.185
530,530,0.13
531,531,0.12
532,532,0.11
533,533,0.14
534,534,0.13
535,535,0.14
536,536,0.075
537,537,0.07
538,538,0.115
539,539,0.14
540,540,0.115
541,541,0.115
542,542,0.115
543,543,0.105
544,544,0.075
545,545,0.065
546,546,0.045
547,547,0.16
548,548,0.18
549,549,0.16
550,550,0.155
551,551,0.165
552,552,0.12
553,553,0.125
554,554,0.15
555,555,0.15
556,556,0.165
557,557,0.17
558,558,0.145
559,559,0.105
560,560,0.12
561,561,0.115
562,562,0.15
563,563,0.13
564,564,0.065
565,565,0.13
566,566,0.125
567,567,0.08
568,568,0.115
569,569,0.14
570,570,0.135
571,571,0.155
572,572,0.14
573,573,0.15
574,574,0.14
575,575,0.14
576,576,0.175
577,577,0.15
578,578,0.175
579,579,0.175
580,580,0.15
581,581,0.19
582,582,0.14
583,583,0.1
584,584,0.125
585,585,0.17
586,586,0.145
587,587,0.14
588,588,0.12
589,589,0.15
590,590,0.115
591,591,0.175
592,592,0.18
593,593,0.15
594,594,0.18
595,595,0.14
596,596,0.14
597,597,0.145
598,598,0.195
599,599,0.145
600,600,0.11
601,601,0.1
602,602,0.115
603,603,0.14
604,604,0.125
605,605,0.09
606,606,0.13
607,607,0.1
608,608,0.09
609,609,0.17
610,610,0.05
611,611,0.075
612,612,0.125
613,613,0.145
614,614,0.135
615,615,0.14
616,616,0.085
617,617,0.075
618,618,0.055
619,619,0.08
620,620,0.14
621,621,0.115
622,622,0.105
623,623,0.105
624,624,0.16
625,625,0.095
626,626,0.095
627,627,0.145
628,628,0.085
629,629,0.115
630,630,0.12
631,631,0.125
632,632,0.13
633,633,0.1
634,634,0.09
635,635,0.1
636,636,0.085
637,637,0.12
638,638,0.13
639,639,0.085
640,640,0.18
641,641,0.16
642,642,0.095
643,643,0.13
644,644,0.12
645,645,0.075
646,646,0.145
647,647,0.12
648,648,0.125
649,649,0.065
650,650,0.09
651,651,0.13
652,652,0.08
653,653,0.11
654,654,0.075
655,655,0.165
656,656,0.17
657,657,0.195
658,658,0.185
659,659,0.18
660,660,0.17
661,661,0.13
662,662,0.105
663,663,0.12
664,664,0.095
665,665,0.12
666,666,0.15
667,667,0.155
668,668,0.145
669,669,0.145
670,670,0.155
671,671,0.165
672,672,0.15
673,673,0.15
674,674,0.18
675,675,0.145
676,676,0.115
677,677,0.165
678,678,0.1
679,679,0.1
680,680,0.14
681,681,0.115
682,682,0.185
683,683,0.14
684,684,0.185
685,685,0.15
686,686,0.125
687,687,0.17
688,688,0.15
689,689,0.15
690,690,0.075
691,691,0.115
692,692,0.12
693,693,0.02
694,694,0.09
695,695,0.05
696,696,0.1
697,697,0.12
698,698,0.105
699,699,0.105
700,700,0.135
701,701,0.105
702,702,0.115
703,703,0.125
704,704,0.14
705,705,0.09
706,706,0.09
707,707,0.13
708,708,0.09
709,709,0.08
710,710,0.1
711,711,0.055
712,712,0.085
713,713,0.08
714,714,0.065
715,715,0.07
716,716,0.06
717,717,0.035
718,718,0.025
719,719,0.025
720,720,0.16
721,721,0.15
722,722,0.13
723,723,0.08
724,724,0.11
725,725,0.085
726,726,0.105
727,727,0.125
728,728,0.12
729,729,0.13
730,730,0.13
731,731,0.12
732,732,0.13
733,733,0.12
734,734,0.125
735,735,0.115
736,736,0.125
737,737,0.135
738,738,0.09
739,739,0.205
740,740,0.09
741,741,0.15
742,742,0.14
743,743,0.13
744,744,0.13
745,745,0.2
746,746,0.14
747,747,0.13
748,748,0.175
749,749,0.105
750,750,0.12
751,751,0.17
752,752,0.165
753,753,0.175
754,754,0.185
755,755,0.155
756,756,0.19
757,757,0.155
758,758,0.12
759,759,0.15
760,760,0.155
761,761,0.135
762,762,0.19
763,763,0.145
764,764,0.15
765,765,0.13
766,766,0.095
767,767,0.155
768,768,0.17
769,769,0.165
770,770,0.14
771,771,0.115
772,772,0.135
773,773,0.14
774,774,0.165
775,775,0.145
776,776,0.14
777,777,0.14
778,778,0.145
779,779,0.165
780,780,0.15
781,781,0.145
782,782,0.125
783,783,0.06
784,784,0.175
785,785,0.13
786,786,0.135
787,787,0.16
788,788,0.165
789,789,0.16
790,790,0.135
791,791,0.18
792,792,0.165
793,793,0.16
794,794,0.145
795,795,0.155
796,796,0.11
797,797,0.16
798,798,0.11
799,799,0.135
800,800,0.125
801,801,0.13
802,802,0.1
803,803,0.135
804,804,0.12
805,805,0.07
806,806,0.125
807,807,0.13
808,808,0.115
809,809,0.14
810,810,0.13
811,811,0.055
812,812,0.06
813,813,0.085
814,814,0.08
815,815,0.08
816,816,0.09
817,817,0.07
818,818,0.085
819,819,0.135
820,820,0.14
821,821,0.095
822,822,0.095
823,823,0.1
824,824,0.095
825,825,0.095
826,826,0.1
827,827,0.1
828,828,0.11
829,829,0.1
830,830,0.1
831,831,0.115
832,832,0.1
833,833,0.1
834,834,0.13
835,835,0.12
836,836,0.125
837,837,0.135
838,838,0.105
839,839,0.125
840,840,0.125
841,841,0.125
842,842,0.14
843,843,0.13
844,844,0.125
845,845,0.14
846,846,0.135
847,847,0.125
848,848,0.15
849,849,0.15
850,850,0.145
851,851,0.155
852,852,0.15
853,853,0.13
854,854,0.14
855,855,0.165
856,856,0.13
857,857,0.15
858,858,0.16
859,859,0.16
860,860,0.14
861,861,0.175
862,862,0.155
863,863,0.175
864,864,0.175
865,865,0.16
866,866,0.175
867,867,0.15
868,868,0.15
869,869,0.165
870,870,0.16
871,871,0.165
872,872,0.155
873,873,0.2
874,874,0.165
875,875,0.17
876,876,0.15
877,877,0.165
878,878,0.165
879,879,0.175
880,880,0.165
881,881,0.205
882,882,0.17
883,883,0.19
884,884,0.16
885,885,0.17
886,886,0.155
887,887,0.195
888,888,0.16
889,889,0.22
890,890,0.23
891,891,0.05
892,892,0.055
893,893,0.065
894,894,0.05
895,895,0.055
896,896,0.06
897,897,0.075
898,898,0.08
899,899,0.08
900,900,0.095
901,901,0.07
902,902,0.075
903,903,0.07
904,904,0.09
905,905,0.075
906,906,0.085
907,907,0.075
908,908,0.075
909,909,0.075
910,910,0.07
911,911,0.1
912,912,0.095
913,913,0.095
914,914,0.09
915,915,0.08
916,916,0.09
917,917,0.09
918,918,0.09
919,919,0.09
920,920,0.115
921,921,0.1
922,922,0.1
923,923,0.1
924,924,0.1
925,925,0.09
926,926,0.12
927,927,0.115
928,928,0.13
929,929,0.09
930,930,0.11
931,931,0.13
932,932,0.13
933,933,0.105
934,934,0.11
935,935,0.105
936,936,0.125
937,937,0.12
938,938,0.1
939,939,0.105
940,940,0.115
941,941,0.115
942,942,0.11
943,943,0.125
944,944,0.12
945,945,0.12
946,946,0.125
947,947,0.12
948,948,0.115
949,949,0.145
950,950,0.1
951,951,0.12
952,952,0.115
953,953,0.125
954,954,0.135
955,955,0.135
956,956,0.135
957,957,0.12
958,958,0.135
959,959,0.125
960,960,0.13
961,961,0.15
962,962,0.125
963,963,0.125
964,964,0.135
965,965,0.1
966,966,0.135
967,967,0.15
968,968,0.145
969,969,0.14
970,970,0.155
971,971,0.14
972,972,0.14
973,973,0.13
974,974,0.15
975,975,0.125
976,976,0.135
977,977,0.14
978,978,0.14
979,979,0.155
980,980,0.14
981,981,0.16
982,982,0.13
983,983,0.155
984,984,0.155
985,985,0.15
986,986,0.14
987,987,0.17
988,988,0.16
989,989,0.16
990,990,0.15
991,991,0.18
992,992,0.15
993,993,0.145
994,994,0.13
995,995,0.155
996,996,0.16
997,997,0.145
998,998,0.155
999,999,0.15
1000,1000,0.165
1001,1001,0.14
1002,1002,0.15
1003,1003,0.15
1004,1004,0.155
1005,1005,0.165
1006,1006,0.15
1007,1007,0.155
1008,1008,0.16
1009,1009,0.18
1010,1010,0.17
1011,1011,0.175
1012,1012,0.175
1013,1013,0.165
1014,1014,0.2
1015,1015,0.155
1016,1016,0.165
1017,1017,0.15
1018,1018,0.175
1019,1019,0.185
1020,1020,0.155
1021,1021,0.17
1022,1022,0.175
1023,1023,0.155
1024,1024,0.175
1025,1025,0.175
1026,1026,0.165
1027,1027,0.175
1028,1028,0.16
1029,1029,0.15
1030,1030,0.16
1031,1031,0.21
1032,1032,0.185
1033,1033,0.16
1034,1034,0.175
1035,1035,0.185
1036,1036,0.19
1037,1037,0.195
1038,1038,0.18
1039,1039,0.165
1040,1040,0.225
1041,1041,0.195
1042,1042,0.185
1043,1043,0.175
1044,1044,0.2
1045,1045,0.175
1046,1046,0.18
1047,1047,0.205
1048,1048,0.175
1049,1049,0.185
1050,1050,0.22
1051,1051,0.22
1052,1052,0.045
1053,1053,0.045
1054,1054,0.04
1055,1055,0.04
1056,1056,0.055
1057,1057,0.065
1058,1058,0.065
1059,1059,0.055
1060,1060,0.065
1061,1061,0.085
1062,1062,0.065
1063,1063,0.08
1064,1064,0.055
1065,1065,0.085
1066,1066,0.08
1067,1067,0.1
1068,1068,0.08
1069,1069,0.1
1070,1070,0.08
1071,1071,0.095
1072,1072,0.11
1073,1073,0.1
1074,1074,0.1
1075,1075,0.105
1076,1076,0.11
1077,1077,0.095
1078,1078,0.115
1079,1079,0.12
1080,1080,0.11
1081,1081,0.115
1082,1082,0.11
1083,1083,0.105
1084,1084,0.145
1085,1085,0.11
1086,1086,0.125
1087,1087,0.12
1088,1088,0.105
1089,1089,0.1
1090,1090,0.11
1091,1091,0.115
1092,1092,0.105
1093,1093,0.125
1094,1094,0.11
1095,1095,0.1
1096,1096,0.125
1097,1097,0.125
1098,1098,0.14
1099,1099,0.12
1100,1100,0.125
1101,1101,0.125
1102,1102,0.125
1103,1103,0.125
1104,1104,0.125
1105,1105,0.125
1106,1106,0.115
1107,1107,0.125
1108,1108,0.145
1109,1109,0.135
1110,1110,0.125
1111,1111,0.15
1112,1112,0.13
1113,1113,0.14
1114,1114,0.12
1115,1115,0.12
1116,1116,0.125
1117,1117,0.125
1118,1118,0.14
1119,1119,0.135
1120,1120,0.12
1121,1121,0.14
1122,1122,0.135
1123,1123,0.15
1124,1124,0.15
1125,1125,0.145
1126,1126,0.16
1127,1127,0.155
1128,1128,0.145
1129,1129,0.15
1130,1130,0.15
1131,1131,0.175
1132,1132,0.15
1133,1133,0.145
1134,1134,0.15
1135,1135,0.145
1136,1136,0.16
1137,1137,0.14
1138,1138,0.165
1139,1139,0.135
1140,1140,0.13
1141,1141,0.17
1142,1142,0.145
1143,1143,0.15
1144,1144,0.195
1145,1145,0.135
1146,1146,0.14
1147,1147,0.145
1148,1148,0.155
1149,1149,0.145
1150,1150,0.16
1151,1151,0.15
1152,1152,0.16
1153,1153,0.17
1154,1154,0.15
1155,1155,0.155
1156,1156,0.165
1157,1157,0.14
1158,1158,0.17
1159,1159,0.165
1160,1160,0.16
1161,1161,0.145
1162,1162,0.165
1163,1163,0.17
1164,1164,0.15
1165,1165,0.155
1166,1166,0.135
1167,1167,0.2
1168,1168,0.16
1169,1169,0.175
1170,1170,0.185
1171,1171,0.155
1172,1172,0.175
1173,1173,0.015
1174,1174,0.165
1175,1175,0.195
1176,1176,0.17
1177,1177,0.19
1178,1178,0.155
1179,1179,0.16
1180,1180,0.175
1181,1181,0.185
1182,1182,0.16
1183,1183,0.17
1184,1184,0.205
1185,1185,0.215
1186,1186,0.165
1187,1187,0.155
1188,1188,0.21
1189,1189,0.17
1190,1190,0.185
1191,1191,0.18
1192,1192,0.19
1193,1193,0.19
1194,1194,0.17
1195,1195,0.18
1196,1196,0.19
1197,1197,0.19
1198,1198,0.195
1199,1199,0.2
1200,1200,0.145
1201,1201,0.185
1202,1202,0.185
1203,1203,0.185
1204,1204,0.215
1205,1205,0.21
1206,1206,0.21
1207,1207,0.205
1208,1208,0.215
1209,1209,0.12
1210,1210,0.06
1211,1211,0.065
1212,1212,0.065
1213,1213,0.09
1214,1214,0.065
1215,1215,0.07
1216,1216,0.08
1217,1217,0.07
1218,1218,0.075
1219,1219,0.095
1220,1220,0.095
1221,1221,0.09
1222,1222,0.09
1223,1223,0.095
1224,1224,0.085
1225,1225,0.075
1226,1226,0.09
1227,1227,0.085
1228,1228,0.085
1229,1229,0.085
1230,1230,0.085
1231,1231,0.09
1232,1232,0.085
1233,1233,0.095
1234,1234,0.085
1235,1235,0.09
1236,1236,0.095
1237,1237,0.08
1238,1238,0.085
1239,1239,0.11
1240,1240,0.08
1241,1241,0.09
1242,1242,0.085
1243,1243,0.095
1244,1244,0.09
1245,1245,0.095
1246,1246,0.105
1247,1247,0.095
1248,1248,0.1
1249,1249,0.1
1250,1250,0.09
1251,1251,0.11
1252,1252,0.09
1253,1253,0.11
1254,1254,0.1
1255,1255,0.09
1256,1256,0.0
1257,1257,0.095
1258,1258,0.11
1259,1259,0.12
1260,1260,0.105
1261,1261,0.105
1262,1262,0.115
1263,1263,0.1
1264,1264,0.105
1265,1265,0.105
1266,1266,0.125
1267,1267,0.11
1268,1268,0.1
1269,1269,0.18
1270,1270,0.12
1271,1271,0.1
1272,1272,0.12
1273,1273,0.11
1274,1274,0.125
1275,1275,0.115
1276,1276,0.1
1277,1277,0.12
1278,1278,0.13
1279,1279,0.12
1280,1280,0.135
1281,1281,0.135
1282,1282,0.145
1283,1283,0.14
1284,1284,0.125
1285,1285,0.14
1286,1286,0.13
1287,1287,0.12
1288,1288,0.105
1289,1289,0.12
1290,1290,0.135
1291,1291,0.135
1292,1292,0.13
1293,1293,0.125
1294,1294,0.125
1295,1295,0.155
1296,1296,0.13
1297,1297,0.155
1298,1298,0.11
1299,1299,0.13
1300,1300,0.135
1301,1301,0.15
1302,1302,0.13
1303,1303,0.15
1304,1304,0.145
1305,1305,0.14
1306,1306,0.135
1307,1307,0.15
1308,1308,0.15
1309,1309,0.135
1310,1310,0.145
1311,1311,0.125
1312,1312,0.15
1313,1313,0.14
1314,1314,0.135
1315,1315,0.14
1316,1316,0.155
1317,1317,0.14
1318,1318,0.145
1319,1319,0.135
1320,1320,0.145
1321,1321,0.155
1322,1322,0.145
1323,1323,0.175
1324,1324,0.145
1325,1325,0.15
1326,1326,0.125
1327,1327,0.145
1328,1328,0.135
1329,1329,0.135
1330,1330,0.17
1331,1331,0.13
1332,1332,0.125
1333,1333,0.135
1334,1334,0.165
1335,1335,0.155
1336,1336,0.155
1337,1337,0.135
1338,1338,0.15
1339,1339,0.155
1340,1340,0.185
1341,1341,0.16
1342,1342,0.165
1343,1343,0.165
1344,1344,0.15
1345,1345,0.18
1346,1346,0.135
1347,1347,0.18
1348,1348,0.155
1349,1349,0.15
1350,1350,0.155
1351,1351,0.17
1352,1352,0.155
1353,1353,0.15
1354,1354,0.155
1355,1355,0.145
1356,1356,0.155
1357,1357,0.15
1358,1358,0.14
1359,1359,0.13
1360,1360,0.175
1361,1361,0.16
1362,1362,0.15
1363,1363,0.165
1364,1364,0.17
1365,1365,0.15
1366,1366,0.17
1367,1367,0.16
1368,1368,0.155
1369,1369,0.165
1370,1370,0.17
1371,1371,0.165
1372,1372,0.17
1373,1373,0.175
1374,1374,0.155
1375,1375,0.175
1376,1376,0.18
1377,1377,0.15
1378,1378,0.16
1379,1379,0.17
1380,1380,0.175
1381,1381,0.16
1382,1382,0.155
1383,1383,0.17
1384,1384,0.18
1385,1385,0.145
1386,1386,0.145
1387,1387,0.16
1388,1388,0.16
1389,1389,0.165
1390,1390,0.175
1391,1391,0.17
1392,1392,0.155
1393,1393,0.23
1394,1394,0.18
1395,1395,0.16
1396,1396,0.195
1397,1397,0.16
1398,1398,0.165
1399,1399,0.22
1400,1400,0.175
1401,1401,0.19
1402,1402,0.17
1403,1403,0.19
1404,1404,0.205
1405,1405,0.19
1406,1406,0.175
1407,1407,0.21
1408,1408,0.17
1409,1409,0.18
1410,1410,0.225
1411,1411,0.175
1412,1412,0.185
1413,1413,0.205
1414,1414,0.19
1415,1415,0.13
1416,1416,0.515
1417,1417,0.215
1418,1418,0.18
1419,1419,0.17
1420,1420,0.17
1421,1421,0.215
1422,1422,0.2
1423,1423,0.19
1424,1424,0.205
1425,1425,0.215
1426,1426,0.235
1427,1427,0.25
1428,1428,0.035
1429,1429,0.06
1430,1430,0.135
1431,1431,0.08
1432,1432,0.095
1433,1433,0.085
1434,1434,0.09
1435,1435,0.09
1436,1436,0.11
1437,1437,0.09
1438,1438,0.095
1439,1439,0.09
1440,1440,0.105
1441,1441,0.095
1442,1442,0.115
1443,1443,0.105
1444,1444,0.105
1445,1445,0.105
1446,1446,0.12
1447,1447,0.11
1448,1448,0.125
1449,1449,0.135
1450,1450,0.11
1451,1451,0.14
1452,1452,0.125
1453,1453,0.12
1454,1454,0.125
1455,1455,0.115
1456,1456,0.115
1457,1457,0.125
1458,1458,0.12
1459,1459,0.085
1460,1460,0.13
1461,1461,0.12
1462,1462,0.105
1463,1463,0.135
1464,1464,0.125
1465,1465,0.145
1466,1466,0.125
1467,1467,0.125
1468,1468,0.14
1469,1469,0.13
1470,1470,0.125
1471,1471,0.14
1472,1472,0.14
1473,1473,0.16
1474,1474,0.15
1475,1475,0.15
1476,1476,0.15
1477,1477,0.15
1478,1478,0.165
1479,1479,0.175
1480,1480,0.14
1481,1481,0.15
1482,1482,0.15
1483,1483,0.15
1484,1484,0.145
1485,1485,0.16
1486,1486,0.155
1487,1487,0.2
1488,1488,0.165
1489,1489,0.16
1490,1490,0.17
1491,1491,0.17
1492,1492,0.13
1493,1493,0.155
1494,1494,0.155
1495,1495,0.165
1496,1496,0.175
1497,1497,0.18
1498,1498,0.145
1499,1499,0.175
1500,1500,0.15
1501,1501,0.15
1502,1502,0.225
1503,1503,0.145
1504,1504,0.185
1505,1505,0.205
1506,1506,0.175
1507,1507,0.155
1508,1508,0.165
1509,1509,0.175
1510,1510,0.175
1511,1511,0.16
1512,1512,0.14
1513,1513,0.215
1514,1514,0.215
1515,1515,0.165
1516,1516,0.18
1517,1517,0.2
1518,1518,0.175
1519,1519,0.19
1520,1520,0.185
1521,1521,0.17
1522,1522,0.2
1523,1523,0.17
1524,1524,0.2
1525,1525,0.165
1526,1526,0.2
1527,1527,0.24
1528,1528,0.18
1529,1529,0.18
1530,1530,0.045
1531,1531,0.055
1532,1532,0.07
1533,1533,0.085
1534,1534,0.09
1535,1535,0.08
1536,1536,0.075
1537,1537,0.075
1538,1538,0.09
1539,1539,0.095
1540,1540,0.075
1541,1541,0.075
1542,1542,0.085
1543,1543,0.095
1544,1544,0.08
1545,1545,0.095
1546,1546,0.1
1547,1547,0.09
1548,1548,0.095
1549,1549,0.09
1550,1550,0.09
1551,1551,0.1
1552,1552,0.1
1553,1553,0.09
1554,1554,0.09
1555,1555,0.1
1556,1556,0.11
1557,1557,0.08
1558,1558,0.1
1559,1559,0.11
1560,1560,0.095
1561,1561,0.11
1562,1562,0.115
1563,1563,0.11
1564,1564,0.11
1565,1565,0.12
1566,1566,0.11
1567,1567,0.125
1568,1568,0.145
1569,1569,0.1
1570,1570,0.125
1571,1571,0.125
1572,1572,0.12
1573,1573,0.16
1574,1574,0.13
1575,1575,0.115
1576,1576,0.135
1577,1577,0.125
1578,1578,0.105
1579,1579,0.12
1580,1580,0.12
1581,1581,0.14
1582,1582,0.13
1583,1583,0.11
1584,1584,0.125
1585,1585,0.105
1586,1586,0.125
1587,1587,0.125
1588,1588,0.145
1589,1589,0.13
1590,1590,0.145
1591,1591,0.12
1592,1592,0.135
1593,1593,0.14
1594,1594,0.155
1595,1595,0.12
1596,1596,0.135
1597,1597,0.145
1598,1598,0.13
1599,1599,0.13
1600,1600,0.17
1601,1601,0.14
1602,1602,0.14
1603,1603,0.14
1604,1604,0.14
1605,1605,0.13
1606,1606,0.135
1607,1607,0.13
1608,1608,0.12
1609,1609,0.125
1610,1610,0.14
1611,1611,0.15
1612,1612,0.135
1613,1613,0.145
1614,1614,0.15
1615,1615,0.13
1616,1616,0.14
1617,1617,0.145
1618,1618,0.15
1619,1619,0.13
1620,1620,0.135
1621,1621,0.155
1622,1622,0.15
1623,1623,0.125
1624,1624,0.15
1625,1625,0.135
1626,1626,0.14
1627,1627,0.17
1628,1628,0.145
1629,1629,0.155
1630,1630,0.145
1631,1631,0.165
1632,1632,0.135
1633,1633,0.155
1634,1634,0.125
1635,1635,0.185
1636,1636,0.195
1637,1637,0.17
1638,1638,0.135
1639,1639,0.15
1640,1640,0.16
1641,1641,0.16
1642,1642,0.15
1643,1643,0.155
1644,1644,0.13
1645,1645,0.125
1646,1646,0.14
1647,1647,0.165
1648,1648,0.145
1649,1649,0.145
1650,1650,0.15
1651,1651,0.14
1652,1652,0.145
1653,1653,0.15
1654,1654,0.155
1655,1655,0.15
1656,1656,0.165
1657,1657,0.17
1658,1658,0.18
1659,1659,0.165
1660,1660,0.16
1661,1661,0.145
1662,1662,0.145
1663,1663,0.145
1664,1664,0.14
1665,1665,0.155
1666,1666,0.18
1667,1667,0.155
1668,1668,0.16
1669,1669,0.15
1670,1670,0.16
1671,1671,0.16
1672,1672,0.125
1673,1673,0.17
1674,1674,0.18
1675,1675,0.16
1676,1676,0.175
1677,1677,0.18
1678,1678,0.155
1679,1679,0.175
1680,1680,0.165
1681,1681,0.16
1682,1682,0.18
1683,1683,0.14
1684,1684,0.135
1685,1685,0.15
1686,1686,0.175
1687,1687,0.165
1688,1688,0.16
1689,1689,0.17
1690,1690,0.155
1691,1691,0.175
1692,1692,0.15
1693,1693,0.17
1694,1694,0.18
1695,1695,0.17
1696,1696,0.165
1697,1697,0.175
1698,1698,0.165
1699,1699,0.17
1700,1700,0.175
1701,1701,0.17
1702,1702,0.165
1703,1703,0.18
1704,1704,0.185
1705,1705,0.15
1706,1706,0.175
1707,1707,0.19
1708,1708,0.19
1709,1709,0.195
1710,1710,0.16
1711,1711,0.16
1712,1712,0.175
1713,1713,0.19
1714,1714,0.15
1715,1715,0.19
1716,1716,0.155
1717,1717,0.19
1718,1718,0.185
1719,1719,0.16
1720,1720,0.18
1721,1721,0.15
1722,1722,0.19
1723,1723,0.195
1724,1724,0.165
1725,1725,0.175
1726,1726,0.195
1727,1727,0.165
1728,1728,0.175
1729,1729,0.16
1730,1730,0.16
1731,1731,0.175
1732,1732,0.175
1733,1733,0.16
1734,1734,0.165
1735,1735,0.19
1736,1736,0.155
1737,1737,0.195
1738,1738,0.16
1739,1739,0.195
1740,1740,0.195
1741,1741,0.2
1742,1742,0.15
1743,1743,0.175
1744,1744,0.2
1745,1745,0.175
1746,1746,0.175
1747,1747,0.17
1748,1748,0.215
1749,1749,0.195
1750,1750,0.205
1751,1751,0.22
1752,1752,0.2
1753,1753,0.205
1754,1754,0.18
1755,1755,0.21
1756,1756,0.19
1757,1757,0.215
1758,1758,0.205
1759,1759,0.215
1760,1760,0.205
1761,1761,0.195
1762,1762,0.25
1763,1763,0.09
1764,1764,0.1
1765,1765,0.135
1766,1766,0.125
1767,1767,0.12
1768,1768,0.12
1769,1769,0.105
1770,1770,0.135
1771,1771,0.11
1772,1772,0.14
1773,1773,0.115
1774,1774,0.105
1775,1775,0.155
1776,1776,0.16
1777,1777,0.16
1778,1778,0.15
1779,1779,0.155
1780,1780,0.135
1781,1781,0.17
1782,1782,0.125
1783,1783,0.14
1784,1784,0.135
1785,1785,0.18
1786,1786,0.165
1787,1787,0.2
1788,1788,0.15
1789,1789,0.165
1790,1790,0.16
1791,1791,0.175
1792,1792,0.185
1793,1793,0.13
1794,1794,0.17
1795,1795,0.145
1796,1796,0.15
1797,1797,0.175
1798,1798,0.165
1799,1799,0.175
1800,1800,0.15
1801,1801,0.15
1802,1802,0.145
1803,1803,0.145
1804,1804,0.175
1805,1805,0.185
1806,1806,0.195
1807,1807,0.15
1808,1808,0.14
1809,1809,0.16
1810,1810,0.19
1811,1811,0.16
1812,1812,0.2
1813,1813,0.19
1814,1814,0.185
1815,1815,0.175
1816,1816,0.175
1817,1817,0.185
1818,1818,0.19
1819,1819,0.18
1820,1820,0.195
1821,1821,0.18
1822,1822,0.21
1823,1823,0.04
1824,1824,0.055
1825,1825,0.075
1826,1826,0.085
1827,1827,0.08
1828,1828,0.085
1829,1829,0.085
1830,1830,0.075
1831,1831,0.105
1832,1832,0.09
1833,1833,0.095
1834,1834,0.105
1835,1835,0.09
1836,1836,0.1
1837,1837,0.095
1838,1838,0.1
1839,1839,0.1
1840,1840,0.1
1841,1841,0.11
1842,1842,0.105
1843,1843,0.12
1844,1844,0.11
1845,1845,0.11
1846,1846,0.12
1847,1847,0.105
1848,1848,0.13
1849,1849,0.12
1850,1850,0.115
1851,1851,0.135
1852,1852,0.145
1853,1853,0.14
1854,1854,0.11
1855,1855,0.13
1856,1856,0.145
1857,1857,0.12
1858,1858,0.135
1859,1859,0.15
1860,1860,0.11
1861,1861,0.11
1862,1862,0.14
1863,1863,0.125
1864,1864,0.115
1865,1865,0.115
1866,1866,0.12
1867,1867,0.145
1868,1868,0.145
1869,1869,0.14
1870,1870,0.16
1871,1871,0.13
1872,1872,0.12
1873,1873,0.14
1874,1874,0.16
1875,1875,0.135
1876,1876,0.125
1877,1877,0.14
1878,1878,0.14
1879,1879,0.14
1880,1880,0.13
1881,1881,0.14
1882,1882,0.125
1883,1883,0.13
1884,1884,0.175
1885,1885,0.135
1886,1886,0.165
1887,1887,0.125
1888,1888,0.125
1889,1889,0.155
1890,1890,0.145
1891,1891,0.16
1892,1892,0.155
1893,1893,0.155
1894,1894,0.155
1895,1895,0.175
1896,1896,0.13
1897,1897,0.12
1898,1898,0.13
1899,1899,0.155
1900,1900,0.135
1901,1901,0.155
1902,1902,0.145
1903,1903,0.175
1904,1904,0.135
1905,1905,0.135
1906,1906,0.155
1907,1907,0.145
1908,1908,0.195
1909,1909,0.165
1910,1910,0.15
1911,1911,0.145
1912,1912,0.16
1913,1913,0.15
1914,1914,0.135
1915,1915,0.17
1916,1916,0.15
1917,1917,0.16
1918,1918,0.165
1919,1919,0.145
1920,1920,0.18
1921,1921,0.14
1922,1922,0.145
1923,1923,0.155
1924,1924,0.165
1925,1925,0.145
1926,1926,0.15
1927,1927,0.16
1928,1928,0.2
1929,1929,0.16
1930,1930,0.15
1931,1931,0.17
1932,1932,0.195
1933,1933,0.15
1934,1934,0.155
1935,1935,0.155
1936,1936,0.17
1937,1937,0.185
1938,1938,0.16
1939,1939,0.18
1940,1940,0.145
1941,1941,0.155
1942,1942,0.165
1943,1943,0.165
1944,1944,0.155
1945,1945,0.16
1946,1946,0.165
1947,1947,0.165
1948,1948,0.165
1949,1949,0.145
1950,1950,0.165
1951,1951,0.135
1952,1952,0.155
1953,1953,0.185
1954,1954,0.18
1955,1955,0.175
1956,1956,0.21
1957,1957,0.15
1958,1958,0.155
1959,1959,0.185
1960,1960,0.18
1961,1961,0.175
1962,1962,0.17
1963,1963,0.205
1964,1964,0.175
1965,1965,0.15
1966,1966,0.2
1967,1967,0.18
1968,1968,0.205
1969,1969,0.15
1970,1970,0.185
1971,1971,0.19
1972,1972,0.155
1973,1973,0.155
1974,1974,0.18
1975,1975,0.185
1976,1976,0.205
1977,1977,0.175
1978,1978,0.195
1979,1979,0.22
1980,1980,0.18
1981,1981,0.19
1982,1982,0.205
1983,1983,0.195
1984,1984,0.215
1985,1985,0.04
1986,1986,0.025
1987,1987,0.055
1988,1988,0.075
1989,1989,0.065
1990,1990,0.06
1991,1991,0.07
1992,1992,0.06
1993,1993,0.065
1994,1994,0.07
1995,1995,0.07
1996,1996,0.08
1997,1997,0.08
1998,1998,0.07
1999,1999,0.105
2000,2000,0.085
2001,2001,0.085
2002,2002,0.08
2003,2003,0.085
2004,2004,0.095
2005,2005,0.09
2006,2006,0.11
2007,2007,0.095
2008,2008,0.11
2009,2009,0.12
2010,2010,0.105
2011,2011,0.11
2012,2012,0.135
2013,2013,0.105
2014,2014,0.12
2015,2015,0.12
2016,2016,0.135
2017,2017,0.115
2018,2018,0.135
2019,2019,0.14
2020,2020,0.13
2021,2021,0.15
2022,2022,0.13
2023,2023,0.14
2024,2024,0.15
2025,2025,0.16
2026,2026,0.145
2027,2027,0.15
2028,2028,0.16
2029,2029,0.165
2030,2030,0.14
2031,2031,0.14
2032,2032,0.16
2033,2033,0.18
2034,2034,0.195
2035,2035,0.06
2036,2036,0.065
2037,2037,0.08
2038,2038,0.07
2039,2039,0.085
2040,2040,0.07
2041,2041,0.1
2042,2042,0.1
2043,2043,0.16
2044,2044,0.09
2045,2045,0.12
2046,2046,0.115
2047,2047,0.115
2048,2048,0.12
2049,2049,0.13
2050,2050,1.13
2051,2051,0.12
2052,2052,0.11
2053,2053,0.11
2054,2054,0.09
2055,2055,0.14
2056,2056,0.135
2057,2057,0.135
2058,2058,0.11
2059,2059,0.135
2060,2060,0.14
2061,2061,0.13
2062,2062,0.1
2063,2063,0.125
2064,2064,0.13
2065,2065,0.14
2066,2066,0.13
2067,2067,0.16
2068,2068,0.13
2069,2069,0.115
2070,2070,0.135
2071,2071,0.12
2072,2072,0.15
2073,2073,0.15
2074,2074,0.15
2075,2075,0.19
2076,2076,0.14
2077,2077,0.165
2078,2078,0.16
2079,2079,0.15
2080,2080,0.14
2081,2081,0.21
2082,2082,0.2
2083,2083,0.195
2084,2084,0.185
2085,2085,0.15
2086,2086,0.22
2087,2087,0.215
2088,2088,0.18
2089,2089,0.22
2090,2090,0.115
2091,2091,0.13
2092,2092,0.115
2093,2093,0.09
2094,2094,0.1
2095,2095,0.145
2096,2096,0.08
2097,2097,0.1
2098,2098,0.115
2099,2099,0.1
2100,2100,0.155
2101,2101,0.11
2102,2102,0.1
2103,2103,0.125
2104,2104,0.185
2105,2105,0.155
2106,2106,0.18
2107,2107,0.225
2108,2108,0.17
2109,2109,0.055
2110,2110,0.08
2111,2111,0.13
2112,2112,0.09
2113,2113,0.035
2114,2114,0.045
2115,2115,0.05
2116,2116,0.08
2117,2117,0.12
2118,2118,0.125
2119,2119,0.1
2120,2120,0.11
2121,2121,0.12
2122,2122,0.075
2123,2123,0.095
2124,2124,0.115
2125,2125,0.125
2126,2126,0.1
2127,2127,0.175
2128,2128,0.15
2129,2129,0.14
2130,2130,0.08
2131,2131,0.125
2132,2132,0.11
2133,2133,0.115
2134,2134,0.1
2135,2135,0.125
2136,2136,0.175
2137,2137,0.18
2138,2138,0.205
2139,2139,0.125
2140,2140,0.075
2141,2141,0.11
2142,2142,0.105
2143,2143,0.105
2144,2144,0.115
2145,2145,0.12
2146,2146,0.135
2147,2147,0.09
2148,2148,0.07
2149,2149,0.11
2150,2150,0.19
2151,2151,0.115
2152,2152,0.075
2153,2153,0.135
2154,2154,0.165
2155,2155,0.165
2156,2156,0.175
2157,2157,0.195
2158,2158,0.2
2159,2159,0.2
2160,2160,0.24
2161,2161,0.195
2162,2162,0.15
2163,2163,0.09
2164,2164,0.16
2165,2165,0.085
2166,2166,0.085
2167,2167,0.085
2168,2168,0.015
2169,2169,0.075
2170,2170,0.03
2171,2171,0.03
2172,2172,0.125
2173,2173,0.17
2174,2174,0.185
2175,2175,0.17
2176,2176,0.235
2177,2177,0.2
2178,2178,0.25
2179,2179,0.165
2180,2180,0.165
2181,2181,0.16
2182,2182,0.155
2183,2183,0.08
2184,2184,0.12
2185,2185,0.125
2186,2186,0.135
2187,2187,0.135
2188,2188,0.14
2189,2189,0.165
2190,2190,0.185
2191,2191,0.165
2192,2192,0.055
2193,2193,0.11
2194,2194,0.08
2195,2195,0.09
2196,2196,0.105
2197,2197,0.08
2198,2198,0.2
2199,2199,0.195
2200,2200,0.215
2201,2201,0.16
2202,2202,0.19
2203,2203,0.105
2204,2204,0.08
2205,2205,0.075
2206,2206,0.115
2207,2207,0.215
2208,2208,0.18
2209,2209,0.2
2210,2210,0.195
2211,2211,0.235
2212,2212,0.23
2213,2213,0.12
2214,2214,0.14
2215,2215,0.08
2216,2216,0.13
2217,2217,0.15
2218,2218,0.145
2219,2219,0.145
2220,2220,0.175
2221,2221,0.195
2222,2222,0.18
2223,2223,0.145
2224,2224,0.155
2225,2225,0.11
2226,2226,0.075
2227,2227,0.175
2228,2228,0.095
2229,2229,0.165
2230,2230,0.165
2231,2231,0.18
2232,2232,0.17
2233,2233,0.165
2234,2234,0.175
2235,2235,0.185
2236,2236,0.19
2237,2237,0.11
2238,2238,0.115
2239,2239,0.125
2240,2240,0.12
2241,2241,0.135
2242,2242,0.13
2243,2243,0.1
2244,2244,0.14
2245,2245,0.11
2246,2246,0.12
2247,2247,0.09
2248,2248,0.165
2249,2249,0.2
2250,2250,0.175
2251,2251,0.17
2252,2252,0.2
2253,2253,0.18
2254,2254,0.145
2255,2255,0.135
2256,2256,0.165
2257,2257,0.115
2258,2258,0.16
2259,2259,0.175
2260,2260,0.16
2261,2261,0.16
2262,2262,0.15
2263,2263,0.16
2264,2264,0.215
2265,2265,0.175
2266,2266,0.175
2267,2267,0.175
2268,2268,0.16
2269,2269,0.18
2270,2270,0.17
2271,2271,0.21
2272,2272,0.15
2273,2273,0.2
2274,2274,0.185
2275,2275,0.23
2276,2276,0.18
2277,2277,0.13
2278,2278,0.135
2279,2279,0.13
2280,2280,0.14
2281,2281,0.13
2282,2282,0.12
2283,2283,0.105
2284,2284,0.1
2285,2285,0.15
2286,2286,0.105
2287,2287,0.09
2288,2288,0.155
2289,2289,0.1
2290,2290,0.12
2291,2291,0.09
2292,2292,0.09
2293,2293,0.12
2294,2294,0.145
2295,2295,0.135
2296,2296,0.12
2297,2297,0.1
2298,2298,0.125
2299,2299,0.13
2300,2300,0.15
2301,2301,0.13
2302,2302,0.12
2303,2303,0.135
2304,2304,0.135
2305,2305,0.165
2306,2306,0.135
2307,2307,0.13
2308,2308,0.13
2309,2309,0.11
2310,2310,0.11
2311,2311,0.07
2312,2312,0.145
2313,2313,0.135
2314,2314,0.15
2315,2315,0.155
2316,2316,0.14
2317,2317,0.135
2318,2318,0.145
2319,2319,0.1
2320,2320,0.135
2321,2321,0.135
2322,2322,0.105
2323,2323,0.19
2324,2324,0.105
2325,2325,0.115
2326,2326,0.135
2327,2327,0.145
2328,2328,0.145
2329,2329,0.115
2330,2330,0.155
2331,2331,0.135
2332,2332,0.22
2333,2333,0.195
2334,2334,0.15
2335,2335,0.175
2336,2336,0.165
2337,2337,0.195
2338,2338,0.2
2339,2339,0.17
2340,2340,0.09
2341,2341,0.07
2342,2342,0.055
2343,2343,0.17
2344,2344,0.195
2345,2345,0.125
2346,2346,0.13
2347,2347,0.165
2348,2348,0.105
2349,2349,0.17
2350,2350,0.16
2351,2351,0.19
2352,2352,0.175
2353,2353,0.15
2354,2354,0.135
2355,2355,0.15
2356,2356,0.125
2357,2357,0.21
2358,2358,0.2
2359,2359,0.175
2360,2360,0.155
2361,2361,0.205
2362,2362,0.195
2363,2363,0.2
2364,2364,0.165
2365,2365,0.23
2366,2366,0.16
2367,2367,0.225
2368,2368,0.17
2369,2369,0.115
2370,2370,0.05
2371,2371,0.11
2372,2372,0.15
2373,2373,0.11
2374,2374,0.09
2375,2375,0.11
2376,2376,0.155
2377,2377,0.115
2378,2378,0.09
2379,2379,0.04
2380,2380,0.025
2381,2381,0.15
2382,2382,0.135
2383,2383,0.105
2384,2384,0.115
2385,2385,0.14
2386,2386,0.135
2387,2387,0.14
2388,2388,0.125
2389,2389,0.125
2390,2390,0.09
2391,2391,0.09
2392,2392,0.09
2393,2393,0.16
2394,2394,0.17
2395,2395,0.155
2396,2396,0.19
2397,2397,0.155
2398,2398,0.17
2399,2399,0.1
2400,2400,0.155
2401,2401,0.165
2402,2402,0.08
2403,2403,0.17
2404,2404,0.145
2405,2405,0.185
2406,2406,0.175
2407,2407,0.17
2408,2408,0.15
2409,2409,0.115
2410,2410,0.12
2411,2411,0.095
2412,2412,0.145
2413,2413,0.11
2414,2414,0.105
2415,2415,0.125
2416,2416,0.06
2417,2417,0.13
2418,2418,0.12
2419,2419,0.085
2420,2420,0.16
2421,2421,0.13
2422,2422,0.11
2423,2423,0.065
2424,2424,0.17
2425,2425,0.155
2426,2426,0.075
2427,2427,0.125
2428,2428,0.095
2429,2429,0.14
2430,2430,0.18
2431,2431,0.165
2432,2432,0.18
2433,2433,0.18
2434,2434,0.135
2435,2435,0.16
2436,2436,0.095
2437,2437,0.17
2438,2438,0.1
2439,2439,0.125
2440,2440,0.17
2441,2441,0.125
2442,2442,0.14
2443,2443,0.14
2444,2444,0.135
2445,2445,0.17
2446,2446,0.08
2447,2447,0.09
2448,2448,0.105
2449,2449,0.125
2450,2450,0.09
2451,2451,0.105
2452,2452,0.08
2453,2453,0.065
2454,2454,0.065
2455,2455,0.06
2456,2456,0.065
2457,2457,0.05
2458,2458,0.17
2459,2459,0.14
2460,2460,0.13
2461,2461,0.08
2462,2462,0.14
2463,2463,0.14
2464,2464,0.13
2465,2465,0.12
2466,2466,0.14
2467,2467,0.08
2468,2468,0.13
2469,2469,0.17
2470,2470,0.175
2471,2471,0.175
2472,2472,0.175
2473,2473,0.145
2474,2474,0.165
2475,2475,0.155
2476,2476,0.155
2477,2477,0.18
2478,2478,0.155
2479,2479,0.145
2480,2480,0.095
2481,2481,0.165
2482,2482,0.175
2483,2483,0.135
2484,2484,0.09
2485,2485,0.145
2486,2486,0.185
2487,2487,0.145
2488,2488,0.135
2489,2489,0.115
2490,2490,0.165
2491,2491,0.145
2492,2492,0.1
2493,2493,0.13
2494,2494,0.16
2495,2495,0.13
2496,2496,0.155
2497,2497,0.14
2498,2498,0.145
2499,2499,0.125
2500,2500,0.08
2501,2501,0.07
2502,2502,0.075
2503,2503,0.105
2504,2504,0.075
2505,2505,0.075
2506,2506,0.1
2507,2507,0.105
2508,2508,0.09
2509,2509,0.1
2510,2510,0.105
2511,2511,0.11
2512,2512,0.135
2513,2513,0.11
2514,2514,0.12
2515,2515,0.12
2516,2516,0.135
2517,2517,0.13
2518,2518,0.185
2519,2519,0.19
2520,2520,0.12
2521,2521,0.15
2522,2522,0.15
2523,2523,0.18
2524,2524,0.16
2525,2525,0.16
2526,2526,0.185
2527,2527,0.135
2528,2528,0.155
2529,2529,0.165
2530,2530,0.175
2531,2531,0.155
2532,2532,0.185
2533,2533,0.195
2534,2534,0.18
2535,2535,0.165
2536,2536,0.215
2537,2537,0.2
2538,2538,0.205
2539,2539,0.175
2540,2540,0.18
2541,2541,0.2
2542,2542,0.19
2543,2543,0.165
2544,2544,0.065
2545,2545,0.07
2546,2546,0.05
2547,2547,0.07
2548,2548,0.055
2549,2549,0.08
2550,2550,0.07
2551,2551,0.075
2552,2552,0.07
2553,2553,0.07
2554,2554,0.08
2555,2555,0.085
2556,2556,0.1
2557,2557,0.065
2558,2558,0.1
2559,2559,0.11
2560,2560,0.115
2561,2561,0.1
2562,2562,0.12
2563,2563,0.125
2564,2564,0.12
2565,2565,0.12
2566,2566,0.115
2567,2567,0.12
2568,2568,0.115
2569,2569,0.11
2570,2570,0.105
2571,2571,0.11
2572,2572,0.105
2573,2573,0.1
2574,2574,0.145
2575,2575,0.11
2576,2576,0.12
2577,2577,0.12
2578,2578,0.135
2579,2579,0.125
2580,2580,0.17
2581,2581,0.14
2582,2582,0.15
2583,2583,0.14
2584,2584,0.125
2585,2585,0.14
2586,2586,0.15
2587,2587,0.14
2588,2588,0.155
2589,2589,0.145
2590,2590,0.16
2591,2591,0.14
2592,2592,0.155
2593,2593,0.15
2594,2594,0.15
2595,2595,0.145
2596,2596,0.15
2597,2597,0.15
2598,2598,0.15
2599,2599,0.16
2600,2600,0.165
2601,2601,0.155
2602,2602,0.175
2603,2603,0.175
2604,2604,0.16
2605,2605,0.17
2606,2606,0.165
2607,2607,0.175
2608,2608,0.2
2609,2609,0.145
2610,2610,0.165
2611,2611,0.18
2612,2612,0.195
2613,2613,0.16
2614,2614,0.175
2615,2615,0.185
2616,2616,0.19
2617,2617,0.205
2618,2618,0.185
2619,2619,0.155
2620,2620,0.175
2621,2621,0.205
2622,2622,0.205
2623,2623,0.18
2624,2624,0.215
2625,2625,0.05
2626,2626,0.07
2627,2627,0.06
2628,2628,0.075
2629,2629,0.095
2630,2630,0.1
2631,2631,0.1
2632,2632,0.115
2633,2633,0.1
2634,2634,0.1
2635,2635,0.1
2636,2636,0.115
2637,2637,0.11
2638,2638,0.12
2639,2639,0.105
2640,2640,0.1
2641,2641,0.115
2642,2642,0.13
2643,2643,0.125
2644,2644,0.11
2645,2645,0.12
2646,2646,0.125
2647,2647,0.12
2648,2648,0.135
2649,2649,0.155
2650,2650,0.15
2651,2651,0.125
2652,2652,0.135
2653,2653,0.14
2654,2654,0.145
2655,2655,0.12
2656,2656,0.14
2657,2657,0.13
2658,2658,0.135
2659,2659,0.13
2660,2660,0.13
2661,2661,0.18
2662,2662,0.135
2663,2663,0.16
2664,2664,0.15
2665,2665,0.13
2666,2666,0.15
2667,2667,0.14
2668,2668,0.15
2669,2669,0.14
2670,2670,0.16
2671,2671,0.15
2672,2672,0.165
2673,2673,0.14
2674,2674,0.21
2675,2675,0.15
2676,2676,0.17
2677,2677,0.15
2678,2678,0.155
2679,2679,0.175
2680,2680,0.155
2681,2681,0.15
2682,2682,0.185
2683,2683,0.155
2684,2684,0.145
2685,2685,0.15
2686,2686,0.175
2687,2687,0.15
2688,2688,0.16
2689,2689,0.15
2690,2690,0.18
2691,2691,0.125
2692,2692,0.175
2693,2693,0.175
2694,2694,0.155
2695,2695,0.155
2696,2696,0.165
2697,2697,0.165
2698,2698,0.2
2699,2699,0.18
2700,2700,0.19
2701,2701,0.165
2702,2702,0.18
2703,2703,0.175
2704,2704,0.2
2705,2705,0.19
2706,2706,0.2
2707,2707,0.175
2708,2708,0.22
2709,2709,0.215
2710,2710,0.03
2711,2711,0.045
2712,2712,0.06
2713,2713,0.065
2714,2714,0.08
2715,2715,0.085
2716,2716,0.095
2717,2717,0.08
2718,2718,0.08
2719,2719,0.09
2720,2720,0.14
2721,2721,0.095
2722,2722,0.125
2723,2723,0.085
2724,2724,0.1
2725,2725,0.1
2726,2726,0.1
2727,2727,0.11
2728,2728,0.1
2729,2729,0.09
2730,2730,0.1
2731,2731,0.11
2732,2732,0.1
2733,2733,0.115
2734,2734,0.11
2735,2735,0.11
2736,2736,0.11
2737,2737,0.115
2738,2738,0.095
2739,2739,0.115
2740,2740,0.1
2741,2741,0.105
2742,2742,0.115
2743,2743,0.12
2744,2744,0.125
2745,2745,0.14
2746,2746,0.125
2747,2747,0.125
2748,2748,0.135
2749,2749,0.145
2750,2750,0.135
2751,2751,0.14
2752,2752,0.11
2753,2753,0.13
2754,2754,0.15
2755,2755,0.13
2756,2756,0.12
2757,2757,0.155
2758,2758,0.15
2759,2759,0.145
2760,2760,0.145
2761,2761,0.155
2762,2762,0.135
2763,2763,0.15
2764,2764,0.145
2765,2765,0.175
2766,2766,0.14
2767,2767,0.135
2768,2768,0.15
2769,2769,0.155
2770,2770,0.155
2771,2771,0.175
2772,2772,0.145
2773,2773,0.15
2774,2774,0.145
2775,2775,0.165
2776,2776,0.145
2777,2777,0.13
2778,2778,0.145
2779,2779,0.14
2780,2780,0.14
2781,2781,0.09
2782,2782,0.185
2783,2783,0.145
2784,2784,0.185
2785,2785,0.185
2786,2786,0.13
2787,2787,0.15
2788,2788,0.14
2789,2789,0.165
2790,2790,0.14
2791,2791,0.165
2792,2792,0.175
2793,2793,0.155
2794,2794,0.15
2795,2795,0.195
2796,2796,0.155
2797,2797,0.15
2798,2798,0.17
2799,2799,0.17
2800,2800,0.08
2801,2801,0.155
2802,2802,0.175
2803,2803,0.19
2804,2804,0.2
2805,2805,0.17
2806,2806,0.205
2807,2807,0.205
2808,2808,0.2
2809,2809,0.205
2810,2810,0.19
2811,2811,0.05
2812,2812,0.055
2813,2813,0.055
2814,2814,0.09
2815,2815,0.075
2816,2816,0.075
2817,2817,0.09
2818,2818,0.095
2819,2819,0.09
2820,2820,0.09
2821,2821,0.105
2822,2822,0.105
2823,2823,0.115
2824,2824,0.12
2825,2825,0.13
2826,2826,0.12
2827,2827,0.105
2828,2828,0.145
2829,2829,0.135
2830,2830,0.14
2831,2831,0.14
2832,2832,0.15
2833,2833,0.13
2834,2834,0.14
2835,2835,0.16
2836,2836,0.135
2837,2837,0.155
2838,2838,0.15
2839,2839,0.155
2840,2840,0.16
2841,2841,0.175
2842,2842,0.16
2843,2843,0.19
2844,2844,0.17
2845,2845,0.175
2846,2846,0.13
2847,2847,0.16
2848,2848,0.165
2849,2849,0.16
2850,2850,0.185
2851,2851,0.16
2852,2852,0.16
2853,2853,0.19
2854,2854,0.155
2855,2855,0.17
2856,2856,0.19
2857,2857,0.195
2858,2858,0.18
2859,2859,0.18
2860,2860,0.17
2861,2861,0.21
2862,2862,0.19
2863,2863,0.07
2864,2864,0.075
2865,2865,0.08
2866,2866,0.075
2867,2867,0.09
2868,2868,0.085
2869,2869,0.09
2870,2870,0.085
2871,2871,0.09
2872,2872,0.095
2873,2873,0.1
2874,2874,0.095
2875,2875,0.09
2876,2876,0.14
2877,2877,0.11
2878,2878,0.13
2879,2879,0.11
2880,2880,0.12
2881,2881,0.13
2882,2882,0.12
2883,2883,0.125
2884,2884,0.125
2885,2885,0.115
2886,2886,0.145
2887,2887,0.125
2888,2888,0.11
2889,2889,0.15
2890,2890,0.125
2891,2891,0.15
2892,2892,0.125
2893,2893,0.13
2894,2894,0.11
2895,2895,0.13
2896,2896,0.15
2897,2897,0.165
2898,2898,0.13
2899,2899,0.14
2900,2900,0.13
2901,2901,0.13
2902,2902,0.15
2903,2903,0.16
2904,2904,0.165
2905,2905,0.15
2906,2906,0.15
2907,2907,0.17
2908,2908,0.15
2909,2909,0.15
2910,2910,0.125
2911,2911,0.135
2912,2912,0.15
2913,2913,0.125
2914,2914,0.145
2915,2915,0.155
2916,2916,0.17
2917,2917,0.135
2918,2918,0.17
2919,2919,0.195
2920,2920,0.15
2921,2921,0.165
2922,2922,0.17
2923,2923,0.18
2924,2924,0.155
2925,2925,0.155
2926,2926,0.195
2927,2927,0.14
2928,2928,0.16
2929,2929,0.175
2930,2930,0.135
2931,2931,0.15
2932,2932,0.165
2933,2933,0.15
2934,2934,0.195
2935,2935,0.175
2936,2936,0.165
2937,2937,0.16
2938,2938,0.145
2939,2939,0.12
2940,2940,0.165
2941,2941,0.18
2942,2942,0.185
2943,2943,0.17
2944,2944,0.19
2945,2945,0.175
2946,2946,0.18
2947,2947,0.19
2948,2948,0.16
2949,2949,0.18
2950,2950,0.175
2951,2951,0.15
2952,2952,0.17
2953,2953,0.19
2954,2954,0.195
2955,2955,0.2
2956,2956,0.205
2957,2957,0.2
2958,2958,0.16
2959,2959,0.18
2960,2960,0.175
2961,2961,0.175
2962,2962,0.19
2963,2963,0.17
2964,2964,0.195
2965,2965,0.175
2966,2966,0.16
2967,2967,0.17
2968,2968,0.19
2969,2969,0.18
2970,2970,0.175
2971,2971,0.19
2972,2972,0.205
2973,2973,0.2
2974,2974,0.095
2975,2975,0.115
2976,2976,0.1
2977,2977,0.155
2978,2978,0.155
2979,2979,0.115
2980,2980,0.13
2981,2981,0.21
2982,2982,0.135
2983,2983,0.15
2984,2984,0.135
2985,2985,0.175
2986,2986,0.19
2987,2987,0.15
2988,2988,0.135
2989,2989,0.14
2990,2990,0.15
2991,2991,0.165
2992,2992,0.21
2993,2993,0.175
2994,2994,0.17
2995,2995,0.17
2996,2996,0.11
2997,2997,0.17
2998,2998,0.18
2999,2999,0.16
3000,3000,0.165
3001,3001,0.185
3002,3002,0.175
3003,3003,0.17
3004,3004,0.21
3005,3005,0.185
3006,3006,0.225
3007,3007,0.205
3008,3008,0.065
3009,3009,0.08
3010,3010,0.09
3011,3011,0.1
3012,3012,0.09
3013,3013,0.09
3014,3014,0.11
3015,3015,0.105
3016,3016,0.105
3017,3017,0.105
3018,3018,0.115
3019,3019,0.125
3020,3020,0.105
3021,3021,0.11
3022,3022,0.125
3023,3023,0.11
3024,3024,0.1
3025,3025,0.115
3026,3026,0.135
3027,3027,0.125
3028,3028,0.14
3029,3029,0.115
3030,3030,0.11
3031,3031,0.145
3032,3032,0.12
3033,3033,0.19
3034,3034,0.15
3035,3035,0.145
3036,3036,0.145
3037,3037,0.135
3038,3038,0.145
3039,3039,0.14
3040,3040,0.15
3041,3041,0.13
3042,3042,0.14
3043,3043,0.16
3044,3044,0.155
3045,3045,0.175
3046,3046,0.165
3047,3047,0.145
3048,3048,0.15
3049,3049,0.175
3050,3050,0.14
3051,3051,0.16
3052,3052,0.14
3053,3053,0.15
3054,3054,0.16
3055,3055,0.215
3056,3056,0.17
3057,3057,0.16
3058,3058,0.155
3059,3059,0.175
3060,3060,0.18
3061,3061,0.165
3062,3062,0.155
3063,3063,0.18
3064,3064,0.145
3065,3065,0.15
3066,3066,0.17
3067,3067,0.175
3068,3068,0.165
3069,3069,0.16
3070,3070,0.17
3071,3071,0.18
3072,3072,0.155
3073,3073,0.145
3074,3074,0.185
3075,3075,0.195
3076,3076,0.165
3077,3077,0.2
3078,3078,0.22
3079,3079,0.175
3080,3080,0.205
3081,3081,0.2
3082,3082,0.05
3083,3083,0.05
3084,3084,0.06
3085,3085,0.075
3086,3086,0.095
3087,3087,0.085
3088,3088,0.11
3089,3089,0.14
3090,3090,0.12
3091,3091,0.125
3092,3092,0.15
3093,3093,0.13
3094,3094,0.12
3095,3095,0.115
3096,3096,0.145
3097,3097,0.15
3098,3098,0.15
3099,3099,0.125
3100,3100,0.145
3101,3101,0.18
3102,3102,0.18
3103,3103,0.2
3104,3104,0.06
3105,3105,0.065
3106,3106,0.1
3107,3107,0.08
3108,3108,0.085
3109,3109,0.12
3110,3110,0.105
3111,3111,0.115
3112,3112,0.105
3113,3113,0.1
3114,3114,0.12
3115,3115,0.135
3116,3116,0.1
3117,3117,0.145
3118,3118,0.135
3119,3119,0.13
3120,3120,0.14
3121,3121,0.15
3122,3122,0.135
3123,3123,0.135
3124,3124,0.15
3125,3125,0.155
3126,3126,0.155
3127,3127,0.19
3128,3128,0.17
3129,3129,0.165
3130,3130,0.16
3131,3131,0.17
3132,3132,0.1
3133,3133,0.125
3134,3134,0.125
3135,3135,0.125
3136,3136,0.105
3137,3137,0.14
3138,3138,0.09
3139,3139,0.16
3140,3140,0.08
3141,3141,0.055
3142,3142,0.04
3143,3143,0.2
3144,3144,0.17
3145,3145,0.15
3146,3146,0.18
3147,3147,0.195
3148,3148,0.215
3149,3149,0.165
3150,3150,0.175
3151,3151,0.105
3152,3152,0.1
3153,3153,0.13
3154,3154,0.125
3155,3155,0.165
3156,3156,0.09
3157,3157,0.11
3158,3158,0.085
3159,3159,0.065
3160,3160,0.07
3161,3161,0.14
3162,3162,0.125
3163,3163,0.19
3164,3164,0.115
3165,3165,0.175
3166,3166,0.155
3167,3167,0.115
3168,3168,0.155
3169,3169,0.155
3170,3170,0.16
3171,3171,0.18
3172,3172,0.09
3173,3173,0.12
3174,3174,0.12
3175,3175,0.13
3176,3176,0.135
3177,3177,0.1
3178,3178,0.07
3179,3179,0.1
3180,3180,0.135
3181,3181,0.165
3182,3182,0.115
3183,3183,0.175
3184,3184,0.15
3185,3185,0.11
3186,3186,0.135
3187,3187,0.23
3188,3188,0.15
3189,3189,0.025
3190,3190,0.18
3191,3191,0.115
3192,3192,0.185
3193,3193,0.16
3194,3194,0.175
3195,3195,0.075
3196,3196,0.075
3197,3197,0.14
3198,3198,0.155
3199,3199,0.16
3200,3200,0.1
3201,3201,0.22
3202,3202,0.185
3203,3203,0.185
3204,3204,0.095
3205,3205,0.075
3206,3206,0.125
3207,3207,0.08
3208,3208,0.125
3209,3209,0.14
3210,3210,0.165
3211,3211,0.17
3212,3212,0.14
3213,3213,0.16
3214,3214,0.175
3215,3215,0.19
3216,3216,0.12
3217,3217,0.19
3218,3218,0.175
3219,3219,0.145
3220,3220,0.09
3221,3221,0.195
3222,3222,0.175
3223,3223,0.2
3224,3224,0.12
3225,3225,0.13
3226,3226,0.135
3227,3227,0.125
3228,3228,0.19
3229,3229,0.15
3230,3230,0.12
3231,3231,0.15
3232,3232,0.19
3233,3233,0.205
3234,3234,0.155
3235,3235,0.1
3236,3236,0.155
3237,3237,0.15
3238,3238,0.185
3239,3239,0.135
3240,3240,0.19
3241,3241,0.19
3242,3242,0.16
3243,3243,0.205
3244,3244,0.16
3245,3245,0.16
3246,3246,0.19
3247,3247,0.165
3248,3248,0.09
3249,3249,0.125
3250,3250,0.125
3251,3251,0.13
3252,3252,0.105
3253,3253,0.105
3254,3254,0.075
3255,3255,0.15
3256,3256,0.11
3257,3257,0.125
3258,3258,0.165
3259,3259,0.125
3260,3260,0.19
3261,3261,0.145
3262,3262,0.115
3263,3263,0.14
3264,3264,0.135
3265,3265,0.135
3266,3266,0.115
3267,3267,0.125
3268,3268,0.145
3269,3269,0.13
3270,3270,0.155
3271,3271,0.125
3272,3272,0.14
3273,3273,0.14
3274,3274,0.11
3275,3275,0.125
3276,3276,0.14
3277,3277,0.16
3278,3278,0.19
3279,3279,0.185
3280,3280,0.17
3281,3281,0.165
3282,3282,0.155
3283,3283,0.155
3284,3284,0.185
3285,3285,0.175
3286,3286,0.13
3287,3287,0.145
3288,3288,0.16
3289,3289,0.12
3290,3290,0.13
3291,3291,0.15
3292,3292,0.185
3293,3293,0.16
3294,3294,0.12
3295,3295,0.165
3296,3296,0.19
3297,3297,0.175
3298,3298,0.175
3299,3299,0.205
3300,3300,0.19
3301,3301,0.175
3302,3302,0.185
3303,3303,0.14
3304,3304,0.175
3305,3305,0.115
3306,3306,0.135
3307,3307,0.08
3308,3308,0.12
3309,3309,0.165
3310,3310,0.135
3311,3311,0.15
3312,3312,0.11
3313,3313,0.115
3314,3314,0.09
3315,3315,0.14
3316,3316,0.065
3317,3317,0.04
3318,3318,0.2
3319,3319,0.155
3320,3320,0.14
3321,3321,0.13
3322,3322,0.105
3323,3323,0.1
3324,3324,0.09
3325,3325,0.135
3326,3326,0.2
3327,3327,0.17
3328,3328,0.15
3329,3329,0.125
3330,3330,0.18
3331,3331,0.125
3332,3332,0.125
3333,3333,0.105
3334,3334,0.135
3335,3335,0.125
3336,3336,0.18
3337,3337,0.175
3338,3338,0.185
3339,3339,0.145
3340,3340,0.135
3341,3341,0.095
3342,3342,0.11
3343,3343,0.145
3344,3344,0.145
3345,3345,0.16
3346,3346,0.1
3347,3347,0.115
3348,3348,0.105
3349,3349,0.13
3350,3350,0.13
3351,3351,0.145
3352,3352,0.14
3353,3353,0.11
3354,3354,0.11
3355,3355,0.1
3356,3356,0.1
3357,3357,0.075
3358,3358,0.17
3359,3359,0.175
3360,3360,0.095
3361,3361,0.1
3362,3362,0.15
3363,3363,0.085
3364,3364,0.115
3365,3365,0.065
3366,3366,0.195
3367,3367,0.165
3368,3368,0.17
3369,3369,0.125
3370,3370,0.09
3371,3371,0.135
3372,3372,0.155
3373,3373,0.125
3374,3374,0.15
3375,3375,0.09
3376,3376,0.07
3377,3377,0.075
3378,3378,0.08
3379,3379,0.045
3380,3380,0.165
3381,3381,0.12
3382,3382,0.13
3383,3383,0.07
3384,3384,0.115
3385,3385,0.125
3386,3386,0.145
3387,3387,0.185
3388,3388,0.15
3389,3389,0.16
3390,3390,0.125
3391,3391,0.185
3392,3392,0.13
3393,3393,0.16
3394,3394,0.165
3395,3395,0.16
3396,3396,0.15
3397,3397,0.085
3398,3398,0.115
3399,3399,0.135
3400,3400,0.15
3401,3401,0.15
3402,3402,0.11
3403,3403,0.105
3404,3404,0.075
3405,3405,0.075
3406,3406,0.08
3407,3407,0.09
3408,3408,0.095
3409,3409,0.105
3410,3410,0.1
3411,3411,0.115
3412,3412,0.12
3413,3413,0.105
3414,3414,0.16
3415,3415,0.14
3416,3416,0.15
3417,3417,0.18
3418,3418,0.135
3419,3419,0.165
3420,3420,0.15
3421,3421,0.155
3422,3422,0.15
3423,3423,0.17
3424,3424,0.185
3425,3425,0.2
3426,3426,0.2
3427,3427,0.065
3428,3428,0.065
3429,3429,0.075
3430,3430,0.095
3431,3431,0.09
3432,3432,0.105
3433,3433,0.09
3434,3434,0.09
3435,3435,0.095
3436,3436,0.09
3437,3437,0.105
3438,3438,0.125
3439,3439,0.1
3440,3440,0.115
3441,3441,0.13
3442,3442,0.1
3443,3443,0.115
3444,3444,0.145
3445,3445,0.11
3446,3446,0.12
3447,3447,0.12
3448,3448,0.125
3449,3449,0.125
3450,3450,0.155
3451,3451,0.145
3452,3452,0.11
3453,3453,0.165
3454,3454,0.155
3455,3455,0.16
3456,3456,0.175
3457,3457,0.16
3458,3458,0.19
3459,3459,0.165
3460,3460,0.16
3461,3461,0.17
3462,3462,0.17
3463,3463,0.155
3464,3464,0.195
3465,3465,0.17
3466,3466,0.18
3467,3467,0.165
3468,3468,0.23
3469,3469,0.2
3470,3470,0.185
3471,3471,0.05
3472,3472,0.055
3473,3473,0.085
3474,3474,0.085
3475,3475,0.1
3476,3476,0.11
3477,3477,0.11
3478,3478,0.11
3479,3479,0.105
3480,3480,0.105
3481,3481,0.145
3482,3482,0.115
3483,3483,0.16
3484,3484,0.115
3485,3485,0.16
3486,3486,0.13
3487,3487,0.13
3488,3488,0.14
3489,3489,0.16
3490,3490,0.16
3491,3491,0.145
3492,3492,0.15
3493,3493,0.135
3494,3494,0.13
3495,3495,0.145
3496,3496,0.145
3497,3497,0.145
3498,3498,0.165
3499,3499,0.145
3500,3500,0.16
3501,3501,0.175
3502,3502,0.19
3503,3503,0.18
3504,3504,0.18
3505,3505,0.175
3506,3506,0.165
3507,3507,0.175
3508,3508,0.175
3509,3509,0.18
3510,3510,0.18
3511,3511,0.175
3512,3512,0.175
3513,3513,0.18
3514,3514,0.19
3515,3515,0.2
3516,3516,0.175
3517,3517,0.195
3518,3518,0.18
3519,3519,0.185
3520,3520,0.055
3521,3521,0.06
3522,3522,0.07
3523,3523,0.085
3524,3524,0.085
3525,3525,0.085
3526,3526,0.09
3527,3527,0.085
3528,3528,0.075
3529,3529,0.09
3530,3530,0.09
3531,3531,0.09
3532,3532,0.115
3533,3533,0.09
3534,3534,0.1
3535,3535,0.11
3536,3536,0.105
3537,3537,0.11
3538,3538,0.12
3539,3539,0.095
3540,3540,0.11
3541,3541,0.11
3542,3542,0.09
3543,3543,0.125
3544,3544,0.135
3545,3545,0.115
3546,3546,0.125
3547,3547,0.12
3548,3548,0.125
3549,3549,0.115
3550,3550,0.135
3551,3551,0.105
3552,3552,0.13
3553,3553,0.13
3554,3554,0.135
3555,3555,0.13
3556,3556,0.135
3557,3557,0.155
3558,3558,0.175
3559,3559,0.155
3560,3560,0.13
3561,3561,0.16
3562,3562,0.155
3563,3563,0.125
3564,3564,0.16
3565,3565,0.155
3566,3566,0.14
3567,3567,0.14
3568,3568,0.15
3569,3569,0.165
3570,3570,0.165
3571,3571,0.165
3572,3572,0.145
3573,3573,0.17
3574,3574,0.15
3575,3575,0.155
3576,3576,0.23
3577,3577,0.17
3578,3578,0.145
3579,3579,0.165
3580,3580,0.16
3581,3581,0.16
3582,3582,0.175
3583,3583,0.165
3584,3584,0.16
3585,3585,0.15
3586,3586,0.17
3587,3587,0.185
3588,3588,0.18
3589,3589,0.195
3590,3590,0.165
3591,3591,0.16
3592,3592,0.165
3593,3593,0.155
3594,3594,0.2
3595,3595,0.145
3596,3596,0.17
3597,3597,0.18
3598,3598,0.22
3599,3599,0.04
3600,3600,0.095
3601,3601,0.09
3602,3602,0.11
3603,3603,0.11
3604,3604,0.115
3605,3605,0.11
3606,3606,0.14
3607,3607,0.155
3608,3608,0.12
3609,3609,0.16
3610,3610,0.17
3611,3611,0.18
3612,3612,0.17
3613,3613,0.155
3614,3614,0.19
3615,3615,0.2
3616,3616,0.16
3617,3617,0.17
3618,3618,0.17
3619,3619,0.17
3620,3620,0.17
3621,3621,0.165
3622,3622,0.175
3623,3623,0.175
3624,3624,0.195
3625,3625,0.19
3626,3626,0.2
3627,3627,0.225
3628,3628,0.05
3629,3629,0.07
3630,3630,0.085
3631,3631,0.075
3632,3632,0.065
3633,3633,0.085
3634,3634,0.095
3635,3635,0.09
3636,3636,0.1
3637,3637,0.105
3638,3638,0.095
3639,3639,0.12
3640,3640,0.115
3641,3641,0.12
3642,3642,0.12
3643,3643,0.105
3644,3644,0.1
3645,3645,0.125
3646,3646,0.125
3647,3647,0.12
3648,3648,0.13
3649,3649,0.14
3650,3650,0.125
3651,3651,0.14
3652,3652,0.13
3653,3653,0.14
3654,3654,0.125
3655,3655,0.125
3656,3656,0.14
3657,3657,0.155
3658,3658,0.14
3659,3659,0.125
3660,3660,0.15
3661,3661,0.14
3662,3662,0.135
3663,3663,0.15
3664,3664,0.145
3665,3665,0.15
3666,3666,0.155
3667,3667,0.145
3668,3668,0.14
3669,3669,0.135
3670,3670,0.135
3671,3671,0.135
3672,3672,0.155
3673,3673,0.165
3674,3674,0.16
3675,3675,0.16
3676,3676,0.165
3677,3677,0.15
3678,3678,0.19
3679,3679,0.165
3680,3680,0.175
3681,3681,0.18
3682,3682,0.155
3683,3683,0.155
3684,3684,0.165
3685,3685,0.135
3686,3686,0.16
3687,3687,0.17
3688,3688,0.195
3689,3689,0.175
3690,3690,0.19
3691,3691,0.17
3692,3692,0.17
3693,3693,0.16
3694,3694,0.195
3695,3695,0.205
3696,3696,0.175
3697,3697,0.175
3698,3698,0.19
3699,3699,0.17
3700,3700,0.18
3701,3701,0.195
3702,3702,0.155
3703,3703,0.195
3704,3704,0.2
3705,3705,0.185
3706,3706,0.17
3707,3707,0.195
3708,3708,0.19
3709,3709,0.175
3710,3710,0.21
3711,3711,0.17
3712,3712,0.175
3713,3713,0.185
3714,3714,0.21
3715,3715,0.075
3716,3716,0.1
3717,3717,0.115
3718,3718,0.095
3719,3719,0.115
3720,3720,0.13
3721,3721,0.105
3722,3722,0.12
3723,3723,0.15
3724,3724,0.155
3725,3725,0.145
3726,3726,0.15
3727,3727,0.15
3728,3728,0.135
3729,3729,0.115
3730,3730,0.18
3731,3731,0.19
3732,3732,0.16
3733,3733,0.165
3734,3734,0.15
3735,3735,0.18
3736,3736,0.15
3737,3737,0.17
3738,3738,0.165
3739,3739,0.17
3740,3740,0.195
3741,3741,0.205
3742,3742,0.195
3743,3743,0.065
3744,3744,0.07
3745,3745,0.085
3746,3746,0.1
3747,3747,0.1
3748,3748,0.095
3749,3749,0.11
3750,3750,0.115
3751,3751,0.135
3752,3752,0.11
3753,3753,0.14
3754,3754,0.105
3755,3755,0.12
3756,3756,0.14
3757,3757,0.14
3758,3758,0.155
3759,3759,0.13
3760,3760,0.135
3761,3761,0.115
3762,3762,0.15
3763,3763,0.145
3764,3764,0.135
3765,3765,0.14
3766,3766,0.16
3767,3767,0.145
3768,3768,0.145
3769,3769,0.125
3770,3770,0.145
3771,3771,0.12
3772,3772,0.15
3773,3773,0.14
3774,3774,0.155
3775,3775,0.155
3776,3776,0.145
3777,3777,0.125
3778,3778,0.185
3779,3779,0.185
3780,3780,0.13
3781,3781,0.175
3782,3782,0.18
3783,3783,0.155
3784,3784,0.155
3785,3785,0.185
3786,3786,0.16
3787,3787,0.15
3788,3788,0.155
3789,3789,0.175
3790,3790,0.175
3791,3791,0.175
3792,3792,0.18
3793,3793,0.175
3794,3794,0.175
3795,3795,0.21
3796,3796,0.2
3797,3797,0.175
3798,3798,0.17
3799,3799,0.205
3800,3800,0.045
3801,3801,0.075
3802,3802,0.06
3803,3803,0.1
3804,3804,0.11
3805,3805,0.095
3806,3806,0.115
3807,3807,0.13
3808,3808,0.135
3809,3809,0.125
3810,3810,0.13
3811,3811,0.17
3812,3812,0.095
3813,3813,0.095
3814,3814,0.1
3815,3815,0.12
3816,3816,0.12
3817,3817,0.14
3818,3818,0.14
3819,3819,0.145
3820,3820,0.155
3821,3821,0.175
3822,3822,0.135
3823,3823,0.17
3824,3824,0.17
3825,3825,0.185
3826,3826,0.195
3827,3827,0.175
3828,3828,0.17
3829,3829,0.12
3830,3830,0.175
3831,3831,0.115
3832,3832,0.15
3833,3833,0.075
3834,3834,0.1
3835,3835,0.1
3836,3836,0.035
3837,3837,0.095
3838,3838,0.125
3839,3839,0.145
3840,3840,0.125
3841,3841,0.145
3842,3842,0.16
3843,3843,0.155
3844,3844,0.105
3845,3845,0.085
3846,3846,0.125
3847,3847,0.22
3848,3848,0.115
3849,3849,0.11
3850,3850,0.13
3851,3851,0.15
3852,3852,0.155
3853,3853,0.155
3854,3854,0.115
3855,3855,0.085
3856,3856,0.2
3857,3857,0.165
3858,3858,0.19
3859,3859,0.15
3860,3860,0.175
3861,3861,0.125
3862,3862,0.18
3863,3863,0.065
3864,3864,0.165
3865,3865,0.165
3866,3866,0.13
3867,3867,0.135
3868,3868,0.16
3869,3869,0.165
3870,3870,0.11
3871,3871,0.115
3872,3872,0.075
3873,3873,0.15
3874,3874,0.09
3875,3875,0.16
3876,3876,0.225
3877,3877,0.115
3878,3878,0.17
3879,3879,0.1
3880,3880,0.13
3881,3881,0.16
3882,3882,0.12
3883,3883,0.075
3884,3884,0.105
3885,3885,0.12
3886,3886,0.155
3887,3887,0.1
3888,3888,0.2
3889,3889,0.14
3890,3890,0.18
3891,3891,0.15
3892,3892,0.125
3893,3893,0.135
3894,3894,0.18
3895,3895,0.19
3896,3896,0.165
3897,3897,0.15
3898,3898,0.035
3899,3899,0.14
3900,3900,0.125
3901,3901,0.02
3902,3902,0.235
3903,3903,0.165
3904,3904,0.095
3905,3905,0.065
3906,3906,0.15
3907,3907,0.135
3908,3908,0.125
3909,3909,0.135
3910,3910,0.1
3911,3911,0.14
3912,3912,0.145
3913,3913,0.14
3914,3914,0.165
3915,3915,0.16
3916,3916,0.19
3917,3917,0.19
3918,3918,0.135
3919,3919,0.085
3920,3920,0.095
3921,3921,0.14
3922,3922,0.08
3923,3923,0.165
3924,3924,0.115
3925,3925,0.16
3926,3926,0.155
3927,3927,0.22
3928,3928,0.215
3929,3929,0.185
3930,3930,0.165
3931,3931,0.115
3932,3932,0.06
3933,3933,0.08
3934,3934,0.115
3935,3935,0.115
3936,3936,0.11
3937,3937,0.065
3938,3938,0.145
3939,3939,0.105
3940,3940,0.16
3941,3941,0.115
3942,3942,0.175
3943,3943,0.16
3944,3944,0.065
3945,3945,0.165
3946,3946,0.14
3947,3947,0.165
3948,3948,0.15
3949,3949,0.13
3950,3950,0.11
3951,3951,0.08
3952,3952,0.12
3953,3953,0.105
3954,3954,0.12
3955,3955,0.14
3956,3956,0.155
3957,3957,0.18
3958,3958,0.19
3959,3959,0.195
3960,3960,0.205
3961,3961,0.195
3962,3962,0.075
3963,3963,0.06
3964,3964,0.07
3965,3965,0.065
3966,3966,0.07
3967,3967,0.095
3968,3968,0.09
3969,3969,0.09
3970,3970,0.095
3971,3971,0.12
3972,3972,0.1
3973,3973,0.115
3974,3974,0.135
3975,3975,0.135
3976,3976,0.12
3977,3977,0.12
3978,3978,0.115
3979,3979,0.115
3980,3980,0.15
3981,3981,0.15
3982,3982,0.125
3983,3983,0.155
3984,3984,0.185
3985,3985,0.17
3986,3986,0.185
3987,3987,0.165
3988,3988,0.195
3989,3989,0.2
3990,3990,0.18
3991,3991,0.23
3992,3992,0.235
3993,3993,0.045
3994,3994,0.055
3995,3995,0.0
3996,3996,0.09
3997,3997,0.08
3998,3998,0.095
3999,3999,0.135
4000,4000,0.105
4001,4001,0.125
4002,4002,0.125
4003,4003,0.125
4004,4004,0.14
4005,4005,0.15
4006,4006,0.15
4007,4007,0.155
4008,4008,0.16
4009,4009,0.15
4010,4010,0.17
4011,4011,0.14
4012,4012,0.175
4013,4013,0.175
4014,4014,0.145
4015,4015,0.175
4016,4016,0.19
4017,4017,0.155
4018,4018,0.155
4019,4019,0.175
4020,4020,0.195
4021,4021,0.195
4022,4022,0.07
4023,4023,0.065
4024,4024,0.085
4025,4025,0.09
4026,4026,0.09
4027,4027,0.1
4028,4028,0.11
4029,4029,0.1
4030,4030,0.11
4031,4031,0.09
4032,4032,0.125
4033,4033,0.125
4034,4034,0.14
4035,4035,0.14
4036,4036,0.155
4037,4037,0.125
4038,4038,0.155
4039,4039,0.12
4040,4040,0.15
4041,4041,0.165
4042,4042,0.135
4043,4043,0.155
4044,4044,0.16
4045,4045,0.155
4046,4046,0.145
4047,4047,0.16
4048,4048,0.155
4049,4049,0.175
4050,4050,0.175
4051,4051,0.145
4052,4052,0.165
4053,4053,0.18
4054,4054,0.15
4055,4055,0.165
4056,4056,0.185
4057,4057,0.185
4058,4058,0.12
4059,4059,0.13
4060,4060,0.145
4061,4061,0.15
4062,4062,0.16
4063,4063,0.18
4064,4064,0.08
4065,4065,0.085
4066,4066,0.115
4067,4067,0.1
4068,4068,0.105
4069,4069,0.125
4070,4070,0.11
4071,4071,0.12
4072,4072,0.125
4073,4073,0.14
4074,4074,0.15
4075,4075,0.14
4076,4076,0.125
4077,4077,0.18
4078,4078,0.13
4079,4079,0.125
4080,4080,0.145
4081,4081,0.15
4082,4082,0.16
4083,4083,0.17
4084,4084,0.16
4085,4085,0.155
4086,4086,0.155
4087,4087,0.13
4088,4088,0.155
4089,4089,0.205
4090,4090,0.18
4091,4091,0.19
4092,4092,0.18
4093,4093,0.175
4094,4094,0.155
4095,4095,0.175
4096,4096,0.18
4097,4097,0.16
4098,4098,0.18
4099,4099,0.175
4100,4100,0.15
4101,4101,0.185
4102,4102,0.215
4103,4103,0.175
4104,4104,0.18
4105,4105,0.205
4106,4106,0.1
4107,4107,0.1
4108,4108,0.13
4109,4109,0.155
4110,4110,0.14
4111,4111,0.18
4112,4112,0.14
4113,4113,0.15
4114,4114,0.155
4115,4115,0.16
4116,4116,0.175
4117,4117,0.185
4118,4118,0.05
4119,4119,0.09
4120,4120,0.13
4121,4121,0.11
4122,4122,0.115
4123,4123,0.12
4124,4124,0.135
4125,4125,0.145
4126,4126,0.11
4127,4127,0.145
4128,4128,0.14
4129,4129,0.14
4130,4130,0.145
4131,4131,0.17
4132,4132,0.15
4133,4133,0.14
4134,4134,0.17
4135,4135,0.155
4136,4136,0.155
4137,4137,0.155
4138,4138,0.175
4139,4139,0.19
4140,4140,0.165
4141,4141,0.18
4142,4142,0.22
4143,4143,0.19
4144,4144,0.2
4145,4145,0.21
4146,4146,0.195
4147,4147,0.175
4148,4148,0.07
4149,4149,0.08
4150,4150,0.075
4151,4151,0.09
4152,4152,0.115
4153,4153,0.095
4154,4154,0.11
4155,4155,0.11
4156,4156,0.14
4157,4157,0.11
4158,4158,0.135
4159,4159,0.165
4160,4160,0.17
4161,4161,0.1
4162,4162,0.085
4163,4163,0.1
4164,4164,0.085
4165,4165,0.115
4166,4166,0.125
4167,4167,0.125
4168,4168,0.165
4169,4169,0.13
4170,4170,0.155
4171,4171,0.165
4172,4172,0.135
4173,4173,0.205
4174,4174,0.15
4175,4175,0.195
